producto_buscado,producto_encontrado,farmacia,precio_cop,fecha_consulta,url_producto
acetaminofen,Acetaminofen 500 Mg Tableta Genfar,Colsubsidio,2145,2026-05-08T13:08:02.903143+00:00,https://www.drogueriascolsubsidio.com/acetaminofen-500-mg-tableta-genfar-7702605100019/p
acetaminofen,Acetaminofen Tabletas 500Mg Blister X 10,Cruz Verde,2232,2026-05-08T13:08:02.689300+00:00,https://beta1.cruzverde.com.co/acetaminofen-tabletas-500mg-blister-x-10/COCV_35878.html
acetaminofen,Acetaminofén 500 Mg Genfar Fracción X 10 Tabletas,Farmatodo,2950,2026-05-08T13:08:02.466572+00:00,https://www.farmatodo.com.co/producto/1015519-fraccion-acetaminofen
amoxicilina 500 mg,Amoxicilina 500Mg C Blíster X 10 Capsulas,Cruz Verde,6982,2026-05-08T13:08:02.775025+00:00,https://beta1.cruzverde.com.co/amoxicilina-500mg-c-blister-x-10-capsulas/COCV_75236.html
amoxicilina 500 mg,Amoxicilina 500 Mg Genfar Fracción Blister X 10 Cápsulas,Farmatodo,8750,2026-05-08T13:08:02.559529+00:00,https://www.farmatodo.com.co/producto/219850093-amoxicilina-500mg
amoxicilina 500 mg,CAJA - Amoxicilina 500 mg Cápsula Dura Genfar,Colsubsidio,39600,2026-05-08T13:08:03.007838+00:00,https://www.drogueriascolsubsidio.com/caja---amoxicilina-500-mg-capsula-dura-genfar-cj-7702605100309-1/p
atorvastatina 10 mg,Atorvastatina 10 Mg Genfar Caja X 10 Tabletas,Farmatodo,28950,2026-05-08T13:08:02.578879+00:00,https://www.farmatodo.com.co/producto/218100266-atorvastatina-10-mg-genfar-caja-x-10-tabletas
atorvastatina 10 mg,Atorvastatina 10 mg Tableta Recubierta Genfar,Colsubsidio,35550,2026-05-08T13:08:03.031919+00:00,https://www.drogueriascolsubsidio.com/atorvastatina-10-mg-tableta-recubierta-genfar-7705959885823/p
atorvastatina 10 mg,Atorvastatina Tabletas Recubiertas 10Mg Caja X 10,Cruz Verde,35815,2026-05-08T13:08:02.793242+00:00,https://beta1.cruzverde.com.co/atorvastatina-tabletas-recubiertas-10mg-caja-x-10/COCV_17764.html
atorvastatina 40 mg,Atorvastatina 40 Mg Tableta Recubierta Genfar,Colsubsidio,58150,2026-05-08T13:08:03.055232+00:00,https://www.drogueriascolsubsidio.com/atorvastatina-40-mg-tableta-recubierta-genfar-7705959012755/p
atorvastatina 40 mg,Atorvastatina 40Mg Tabletas Recubiertas Caja X 10 Genfar,Cruz Verde,59517,2026-05-08T13:08:02.810993+00:00,https://beta1.cruzverde.com.co/atorvastatina-40mg-tabletas-recubiertas-caja-x-10-genfar/COCV_58777.html
atorvastatina 40 mg,Atorvastatina 40 Mg Genfar Caja X 30 Tabletas,Farmatodo,66000,2026-05-08T13:08:02.598231+00:00,https://www.farmatodo.com.co/producto/226350505
azitromicina 500 mg,Azitromicina 500 mg Tableta Recubierta Genfar,Colsubsidio,14200,2026-05-08T13:08:03.143118+00:00,https://www.drogueriascolsubsidio.com/azitromicina-500-mg-tableta-recubierta-genfar-7702605100491/p
azitromicina 500 mg,Azitromicina Genfar 500 Mg Caja X 3 Tabletas,Farmatodo,15050,2026-05-08T13:08:02.672992+00:00,https://www.farmatodo.com.co/producto/1002479-azitromicina-genfar-500-mg-caja-x-3-tabletas
azitromicina 500 mg,Azitromicina 500Mg Tableta Rec Caja X 3 Mk,Cruz Verde,16292,2026-05-08T13:08:02.884979+00:00,https://beta1.cruzverde.com.co/azitromicina-500mg-tableta-rec-caja-x-3-mk/COCV_75213.html
diclofenaco 50 mg,CAJA - Diclofenaco 50 Mg Tableta Recubierta Genfar,Colsubsidio,7750,2026-05-08T13:08:03.079843+00:00,https://www.drogueriascolsubsidio.com/caja---diclofenaco-50-mg-tableta-recubierta-genfar-cj-7702605100866-1/p
diclofenaco 50 mg,Diclofenaco Genfar 50 Mg Caja X 30 Tabletas,Farmatodo,7800,2026-05-08T13:08:02.616597+00:00,https://www.farmatodo.com.co/producto/1000380-diclofenaco-50mg
diclofenaco 50 mg,Diclofenaco Tabletas Recubiertas 50 mg Caja X 30,Cruz Verde,7837,2026-05-08T13:08:02.827937+00:00,https://beta1.cruzverde.com.co/diclofenaco-tabletas-recubiertas-50-mg-caja-x-30/COCV_17378.html
ibuprofeno,Ibuprofeno 400 mg Tableta Recubierta Genfar,Colsubsidio,2705,2026-05-08T13:08:02.921200+00:00,https://www.drogueriascolsubsidio.com/ibuprofeno-400-mg-tableta-recubierta-genfar-7702605101498/p
ibuprofeno,Ibuprofeno 400Mg Tabletas Recubiertas Blíster X 10,Cruz Verde,3040,2026-05-08T13:08:02.705979+00:00,https://beta1.cruzverde.com.co/ibuprofeno-400mg-tabletas-recubiertas-blister-x-10/COCV_17398.html
ibuprofeno,Ibuprofeno 400 Mg Genfar Fracción Blister X 10 Tabletas,Farmatodo,3050,2026-05-08T13:08:02.484509+00:00,https://www.farmatodo.com.co/producto/220000037-ibuprofeno-400mg
loratadina,Loratadina 10Mg Caja X 10 Tabletas,Cruz Verde,4465,2026-05-08T13:08:02.723644+00:00,https://beta1.cruzverde.com.co/loratadina-10mg-caja-x-10-tabletas/COCV_30920.html
loratadina,Loratadina 10 Mg Tableta Genfar,Colsubsidio,4550,2026-05-08T13:08:02.938728+00:00,https://www.drogueriascolsubsidio.com/loratadina-10-mg-tableta-genfar-7702605101634/p
loratadina,Loratadina Mk 10 Mg Caja X 10 Tabletas,Farmatodo,5100,2026-05-08T13:08:02.503532+00:00,https://www.farmatodo.com.co/producto/1000690
naproxeno 250 mg,Naproxeno Cápsulas 250Mg Caja X 10,Cruz Verde,7125,2026-05-08T13:08:02.847884+00:00,https://beta1.cruzverde.com.co/naproxeno-capsulas-250mg-caja-x-10-/COCV_30973.html
naproxeno 250 mg,Naproxeno 250 Mg Comprimido Genfar,Colsubsidio,7650,2026-05-08T13:08:03.102552+00:00,https://www.drogueriascolsubsidio.com/naproxeno-250-mg-comprimido-genfar-7702605101931/p
naproxeno 250 mg,Naproxeno Genfar 250 Mg Caja X 10 Comprimidos,Farmatodo,7900,2026-05-08T13:08:02.634847+00:00,https://www.farmatodo.com.co/producto/1002615-naproxeno-genfar-250mg
naproxeno 500 mg,Naproxeno 500 Mg Genfar Caja X 10 Tabletas,Farmatodo,10550,2026-05-08T13:08:02.654003+00:00,https://www.farmatodo.com.co/producto/1002035-naproxeno-genfar-500mg
naproxeno 500 mg,Naproxeno 500 mg Tableta Genfar,Colsubsidio,10550,2026-05-08T13:08:03.123144+00:00,https://www.drogueriascolsubsidio.com/naproxeno-500-mg-tableta-genfar-7702605101948/p
naproxeno 500 mg,Naproxeno 500Mg Tabletas Caja X 10 Genfar,Cruz Verde,10592,2026-05-08T13:08:02.867013+00:00,https://beta1.cruzverde.com.co/naproxeno-500mg-tabletas-caja-x-10-genfar/COCV_17703.html
omeprazol 20 mg,Omeprazol 20 mg Cápsula Dura Genfar,Colsubsidio,4500,2026-05-08T13:08:02.983872+00:00,https://www.drogueriascolsubsidio.com/omeprazol-20-mg-capsula-dura-genfar-7702605102044/p
omeprazol 20 mg,Omeprazol Genfar 20 Mg Caja X 10 Cápsulas,Farmatodo,5000,2026-05-08T13:08:02.540600+00:00,https://www.farmatodo.com.co/producto/1002495
omeprazol 20 mg,Genoprazol Cápsulas 20 Mg Caja x 14,Cruz Verde,22657,2026-05-08T13:08:02.758479+00:00,https://beta1.cruzverde.com.co/genoprazol-capsulas-20-mg-caja-x-14/COCV_126724.html
suero oral,Suero Rehidratante Electrolit Solución Oral Sabor Uva 30Meq/L Frasco X 625mL,Cruz Verde,6900,2026-05-08T13:08:02.741334+00:00,https://beta1.cruzverde.com.co/suero-rehidratante-electrolit-solucion-oral-sabor-uva-30meql-frasco-x-625ml/COCV_146775.html
suero oral,Enterolyte Suero Oral Tratamiento Deshidratación 75 Uva X400ml.,Farmatodo,7200,2026-05-08T13:08:02.521988+00:00,https://www.farmatodo.com.co/producto/1035036-enterolyte-suero-oral
suero oral,Electrolit Solución Oral Maracuya,Colsubsidio,8650,2026-05-08T13:08:02.956210+00:00,https://www.drogueriascolsubsidio.com/electrolit-solucion-oral-maracuya-7501125184864/p
